<div title="Nos «proglets» en processing">
  <p>Une  «proglet» permet de manipuler et d'expérimenter des algorithmes à travers des objets numériques.</p>
  Pour s'initier à la programmation, nous vous offrons plusieurs proglets, sous forme d'exercices animés et interactifs,<l class="note" link="1"/> sont disponibles <l link="http://javascool.gforge.inria.fr/v3/?page=api:/org/javascool/doc-files/about-proglets.htm" text="ici"/>. 
  dont certaines sont développées en <l link="http://www.processing.org" text="processing"/>:

  <l class="include" link="../src/org/javascool/doc-files/about-pro-proglets.xml"/>

  <div class="margin"><l link="ls.html" text="index des fichiers"/></div>

  <p>Ne pas hésiter à nous <l link="http://javascool.gforge.inria.fr/v3/?page=Contacts" text="contacter"/> pour en savoir plus !</p>

  <div class="notes">
    <p title="Définition d'une «proglet»" id="1">
      Une <c>proglet</c> est une petite <l link="http://fr.wikipedia.org/wiki/Applet" text="applette"/> qui permet de s'initier à la programmation de manière ludique.
    Elle se présente sous forme d'une interface mettant en scène un élément visuel ou sonore, à la fois pour mieux comprendre l'objet numérique et 
    pour offrir une démarche expérimentale concrète. Il s'agit ici de concourir à la compréhension des notions abstraites qui forment le fondement des sciences de l'information. 
    <p>Ces <c>proglets</c> sont des exemples de «<c>gamelet</c>» (c'est à dire de grains pédagogiques interactifs pour un apprentissage ludique d'une notion), 
    telle que définie par <l link="http://fuscia.info" text="fuscia"/>. On parle d' «<c>educlet</c>».</p>
  </p>
  <p title="Auteure de ces «proglets»" id="4">
    CP : <l link="http://www-sop.inria.fr/members/Cecile.Picard" text="Cécile Picard-Limpens"/>
  </p>
</div></div>
