<div class="sujet" title="Utiliser l'«educlet» EnVoiture">
  <div title="Description de l'applete">
  <p>Un graphe est un ensemble de points dont certaines paires sont directement reliées par un lien. 
  	Ces liens peuvent être orientés, d'un point vers un autre ou vice versa. Dans le cas contraire, les liens sont symétriques, et le graphe est non-orienté. 
  	Généralement, les points sont appelés les sommets ou les nœuds. Les liens sont appelés arêtes dans les graphes non-orienté 
    et arcs dans un graphe orienté.</p>
    <p> Le but de cette applete est de s’approprier les différents éléments caractéristiques d’un graphe, et 
    n'est qu'introductive à la notion de graphe.  
	On veut faire passer l'idée ici que l'application se retrouve dans de nombreuses situations du quotidien.</p>
  </div>
  <div class="center" title="Utilisation du 3D">Attention, sous <i>windows</i>, pour utiliser cette proglet (qui utilise OpenGL)
  il faut copier les librairies dynamiques <l link="http://javascool.gforge.inria.fr/v3/sketchbook/EnVoiture/opengl-windows.zip" text="disponibles ici"/>
  dans le répertoire <i>Java</i> de la machine, c'est à dire, normallement <c>Program Files/java/jre6/bin</c>. Se faire aider du responsable informatique si besoin.
  </div>
  <div class="center"><l class="icon" icon="EnVoiture_xml.png"/></div>  
  <div title="Utilisation comme outil">
    <p>Un graphe peut être créé à partir du cas concret d'une carte de villes: 
    les noeuds ou sommets sont représentés par les villes, et les liens correspondent aux routes construites pour les relier. 
    On considère un cas concret de parcours d'une voiture entre des villes.</p>
    <p>L'interface visualise une voiture dans un environnement 3D.</p> 
    <div class="ul">
      <p>L'environnement contient des "stations" (spots) que la voiture visite dans son parcours.</p>
      <p>La vue 3D est complétée par une représentation 2D (type aérienne) de l'environnement, l'ensemble des "stations" (spots) 
      et le vehicule. Les mouvements du véhicule sont donc repérable par la position du point rouge.</p>  
    </div>
      <p>Pour accéder aux informations pour la manipulation de l'interface, taper 'i'. Pour résumer:</p>
      <div class="ul">
      	<p>Les 4 différentes flèches permettent la navigation de la voiture, le point de vue de la caméra peut être ajusté par '+/-'
      	pour zoomer/dézoomer.</p>
      	<p>Dans cet environnement, peuvent être ajoutés des "stations" (spots), soit par touche 'a' pour les générer toutes en une seule fois et de manière aléatoire, 
        soit par clic droit et la station apparaitra à la position courante de la voiture. Les stations apparaissent dans les deux représentations.</p>
      	<p>Pour ajouter/supprimer un lien entre deux noeuds, assimilable à une route entre deux stations, clic centre et maintenir le clic alors que la voiture
      	effectue le trajet entre les deux stations.</p>
      </div>
      	<p>Nous allons jouer à trouver le plus court chemin entre deux stations tirées au hasard. 
      	L'interface va nous servir d'outil. Les deux stations tirées au hasard apparaissent en rouge; en tapant 'p', elle calcule le plus court chemin entre deux stations avec une escale, puis en tapant 'q', elle propose deux escales.
      	Le but de cette activité est de trouver la réponse calculée: la voiture relie les stations, et en cliquant centre de manière maintenue, la distance parcourue est mémorisée.
      	Si la distance parcourue est optimum, un 'BRAVO!' s'inscrira sur la visualisation. </p>
      	<p>Se référer au <l link="sujet-about-voiture.htm" text="sujet d'activité"/> proposé, partie "Introduire la notion de plus court chemin (sans programmation)". 
      	puis "Expérimenter une solution sous-optimale (sans programmation)"</p>
     
  </div>
  <div title="Utilisation dans une activité">
    Cette applete n'étant qu'une introduction à la théorie des graphes, nous proposons de poursuivre avec <l link="../UnGrapheDesChemins/activites-unplug.htm" text="UnGrapheDesChemins"/> pour pousser davantage les 
    concepts sur ce sujet.
  </div>
</div>


