<div class="sujet" title="Utiliser l'«educlet» mettre-le-nom">
  <div title="Description de l'applete">
    <l link="http://www.openprocessing.org/visuals/?visualID=16253" text="applete"/>
    blabla
  </div>
  <div title="Utilisation comme outil">
  </div>
  <div title="Utilisation dans une activité">
    En utilisant cette <l link="http://www.openprocessing.org/visuals/?visualID=16253" text="boite à musique"/> nous allons comprendre la notion d'«édition de grains sonores» . . 
  </div>
</div>


