<div class="sujet" title="Utiliser l'«educlet» VaguelettesAjustables">
  <div title="Description de l'applete">
    Cette applete a pour objectif d'illustrer qu'est-ce qu'une onde, comment elle naît et se propage. 
    Le phénomène d'onde se retrouve dans divers domaines de la physique: on parle d'onde en acoustique (l'onde sonore), en magnétisme 
    (onde electromagnétique), en mécanique (l'onde vibratoire), etc.. Le point commun est qu'on peut toujours définir des paramètres 
    caractéristiques qui sont l'amplitude, la longueur d'onde et le taux d'amortissement. 
    Nous illustrons ici l'onde progressive: il s'agit d'une onde qui débute à un point défini, et se 
    propage dans une direction, elle avance dans l'espace. 
    Pour davantage de détails sur le sujet, voir la référence <l link="http://fr.wikipedia.org/wiki/Propagation_des_ondes#Ondes_progressives_et_ondes_stationnaires" text="la propagation des ondes"/> sur Wikipedia.
  </div>
  <div class="center"><l class="icon" link="http://www.openprocessing.org/visuals/?visualID=16159" icon="VaguelettesAjustables_xml.png"/></div>
  <div title="Utilisation comme outil">
  Une onde naît d'une excitation. L'interface mis à disposition symbolise l'excitation apportée par clic de souris. 
  Une onde naît alors, centrée sur cette position particulière. Les paramètres d'amplitude, de longeur d'onde et de taux d'amortissement 
  permettent de produire des ondes de types différents.
  <div class="ul">
  	<p>Manipuler l'interface et observer les différences sur l'onde produite en fonction des paramètres choisis.</p>
  	<p>Pouvez vous trouver des analogies dans la réalité? 
  	Autrement dit, dans quelles conditions particulières agit-on sur l'un ou l'autre des paramètres?</p>
  </div>
  </div>
  <div title="Utilisation dans une activité">
  <div class="ul">
    <p>L'onde sonore est donc progressive. Essayer de mettre en évidence cette caractéristique avec un matériel limité à  
    un haut parleur et une feuille de papier. L'idée est ici de montrer que l'onde sonore provoque une excitation des particules d'air.
    On réfléchira à quel type de son devra émettre le haut parleur (périodique ou non, fréquence grave ou aigu).</p>
    <p>L'onde sonore naît d'une source, et plus particulièrement de la vibration ou mise en résonnance d'une source. 
    Un example simple est la voix humaine. Dans ce cas, ce sont les cordes vocales qui vibrent et émettent un son en déplaçant l'air 
    à proximité. Lorsqu'une source résonne, elle est le siège d'une onde stationnaire qui est le fruit de deux ondes progressives en sens inverses. 
    Pour plus de détails, voir à nouveau la référence <l link="http://fr.wikipedia.org/wiki/Propagation_des_ondes#Ondes_progressives_et_ondes_stationnaires" text="la propagation des ondes"/> sur Wikipedia.
    Créer une onde stationnaire revient à créer un mode de résonnance. Faîtes l'expérience avec deux diapasons, étant donné que deux diapasons identiques résonnent à la même fréquence.</p>
    <p>L'onde sonore est aussi dépendante du milieu dans lequel elle est transmise. 
    Imaginez cinq expériences qui permettrait de mettre en évidence cette caractéristique. Quelle en serait l'influence sur les paramètres 
    d'amplitude, de longueur d'onde et de taux d'amortissement? </p>
  </div>
    <!--Essayer de visualiser une onde sonore comme illustré un peu en http://www.openprocessing.org/visuals/?visualID=16159 comme en http://ondessonorestpe.free.fr/tp_interferences.php et en faisant des mesures point a point . . 
Voir aussi http://eric.mondot.free.fr/pages/p5_terminale/p53_TP_physique/p53_1_onde_sonore.htm
(omn referencie d autres activites proposees sur le web)
   -->

  </div>
</div>


