<div title="La «proglet» UnGrapheDesChemins">
  <p class="margin">Autres <l link="../../org/javascool/doc-files/about-proglets.htm" text="«proglets»"/>.</p>
  <p>Cette proglet<l class="note" link="1"/> permet de s’approprier les différents éléments caractéristiques d’un graphe, 
  en vue de saisir les algorithmes qui en font usage, comme par exemple, l'algorithme du plus court chemin.</p>
  <p>Un graphe est un ensemble de points, dont certaines paires sont directement reliées par un lien. 
  Ces liens peuvent être orientés, d'un point vers un autre ou vice versa. 
  Dans le cas contraire, les liens sont symétriques, et le graphe est non-orienté. 
  Généralement, les points sont appelés les sommets ou les nœuds. Les liens sont appelés arêtes dans les graphes non-orienté 
  et arcs dans un graphe orienté. (<l link="http://fr.wikipedia.org/wiki/Th%C3%A9orie_des_graphes" text="Wikipedia"/>)
  </p>
  <p>Pour construire et manipuler un graphe, il faut utiliser la construction javascool. 
  Toutes ces fonctions sont accessibles par l'interface, ou par des fonctions programmable: <div class="code">
    <m>Ajouter ou modifier un noeud existant au graphe:</m>
    <p><r>UnGrapheDesChemins.addNode</r>(<r>String</r> n, <r>int</r> x, <r>int</r> y)</p>
    </div>où: <div class="ul">
      <p><c>n</c> est le nom du noeud.</p>
      <p><c>x</c> est l'abscisse du noeud.</p>
      <p><c>y</c> est l'ordonnée du noeud.</p>
    </div><div class="code">
    <m>Obtenir un noeud à partir d'une position:</m>
    <p><r>String</r> n =<r>UnGrapheDesChemins.getClosestNode</r>(<r>int</r> x, <r>int</r> y)</p>
    </div>où: <div class="ul">
      <p><c>x</c> est l'abscisse de la position de souris.</p>
      <p><c>y</c> est l'ordonnée de la position de souris.</p>
      <p><c>n</c> est le nom du noeud, qui est renvoyé.</p>
      </div><div class="code">
    <m>Détruire un noeud:</m>
    <p><r>UnGrapheDesChemins.removeNode</r>(<r>String</r> n)</p>
    </div>où: <div class="ul">
      <p><c>n</c> est le nom du noeud.</p>
      </div><div class="code">
    <m>Obtenir la liste de tous les noeuds:</m>
    <p><r>String[]</r> Listn_ = <r>UnGrapheDesChemins.getAllNodes</r>()</p>
    </div>où: <div class="ul">
      <p><c>Listn_</c> est le tableau des noms de tous les noeuds, qui est renvoyé.</p>
      </div><div class="code">
  	<m>Obtenir la liste des noeuds en lien avec un noeud spécifique:</m>
    <p><r>String[]</r> Listn_ = <r>UnGrapheDesChemins.getNodes</r>(<r>String</r> n)</p>
    </div>où: <div class="ul">
      <p><c>n</c> est le nom du noeud spécifique.</p>
      <p><c>Listn_</c> est le tableau des noms des noeuds en lien avec le noeud spécifique n, qui est renvoyé.</p>
      </div><div class="code">
    <m>Ajouter ou modifier un lien existant entre deux noeuds:</m>
    <p><r>UnGrapheDesChemins.addLink</r>(<r>String</r> nA, <r>String</r> nB)</p>
    </div>où: <div class="ul">
      <p><c>nA</c> est le nom du premier noeud.</p>
      <p><c>nB</c> est le nom du second noeud.</p>
      </div><div class="code">
      <m>Détruire un lien existant entre deux noeuds:</m>
    <p><r>UnGrapheDesChemins.removeLink</r>(<r>String</r> nA, <r>String</r> nB)</p>
    </div>où: <div class="ul">
      <p><c>nA</c> est le nom du premier noeud du lien à détruire.</p>
      <p><c>nB</c> est le nom du second noeud du lien à détruire.</p>
      </div><div class="code">
      <m>Questionner si deux noeuds sont liés:</m>
    <p><r>boolean</r> a = <r>UnGrapheDesChemins.isLink</r>(<r>String</r> nA, <r>String</r> nB)</p>
    </div>où: <div class="ul">
      <p><c>nA</c> est le nom du premier noeud du lien considéré.</p>
      <p><c>nB</c> est le nom du second noeud du lien considéré.</p>
      <p><c>a</c> est la réponse à la question "Les noeuds nA et nB sont-ils en lien?", soit "vrai" soit "faux", qui est renvoyée.</p>
      </div><div class="code">
      <m>Obtenir le poids d'un lien entre deux noeud:</m>
    <p><r>double</r> p = <r>UnGrapheDesChemins.getLink</r>(<r>String</r> nA, <r>String</r> nB)</p>
    </div>où: <div class="ul">
      <p><c>nA</c> est le nom du premier noeud du lien considéré.</p>
      <p><c>nB</c> est le nom du second noeud du lien considéré.</p>
      <p><c>p</c> est le poids du lien entre les neouds nA et nB, qui est renvoyé.</p>
      </div>
  </p>
   <div>Un exemple d'utilisation se fait lors du lancement de la proglet avec une fenêtre d'interaction.</div>
   <div class="notes">
    <div id="1">Cette proglet est un <l link="http://fr.wikipedia.org/wiki/Open_source" text="code source libre"/>, 
    programmée en <l link="http://processing.org" text="Processing"/> et disponible sous forme de code documenté:
    <div class="table"><p>
      <p><l link="http://javascool.gforge.inria.fr/v3/?page=api:/sketchbook/UnGrapheDesChemins/UnGrapheDesChemins.pde.html" text="UnGrapheDesChemins"/></p>
      <p><l link="http://javascool.gforge.inria.fr/v3/?page=api:/sketchbook/UnGrapheDesChemins/Graph.pde.html" text="Graph"/></p>
      <p><l link="http://javascool.gforge.inria.fr/v3/?page=api:/sketchbook/UnGrapheDesChemins/Node.pde.html" text="Node"/></p>
      <p><l link="http://javascool.gforge.inria.fr/v3/?page=api:/sketchbook/UnGrapheDesChemins/Link.pde.html" text="Link"/></p>
      <p><l link="http://javascool.gforge.inria.fr/v3/?page=api:/sketchbook/UnGrapheDesChemins/Link.pde.html" text="Link"/></p>
      <p><l link="http://javascool.gforge.inria.fr/v3/?page=api:/sketchbook/UnGrapheDesChemins/HScrollbar.pde.html" text="HScrollbar"/></p>
    </p></div>
    pour permettre des développements dérivés.</div>
  </div>
</div>
