<div title="La «proglet» Cryptage RSA">
  <p class="margin">Autres <l link="../../org/javascool/doc-files/about-proglets.htm" text="«proglets»"/>.</p>
  <p>Cette proglet<l class="note" link="1"/> permet de s’approprier les différents éléments caractéristiques d’un graphe, 
  en vue de saisir les algorithmes qui en font usage, comme par exemple, l'algorithme du plus court chemin.</p>
  <p>Un graphe est un ensemble de points, dont certaines paires sont directement reliées par un lien. 
  Ces liens peuvent être orientés, d'un point vers un autre ou vice versa. 
  Dans le cas contraire, les liens sont symétriques, et le graphe est non-orienté. 
  Généralement, les points sont appelés les sommets ou les nœuds. Les liens sont appelés arêtes dans les graphes non-orienté 
  et arcs dans un graphe orienté. (<l link="http://fr.wikipedia.org/wiki/Th%C3%A9orie_des_graphes" text="Wikipedia"/>)
  </p>
  <p>Pour construire et manipuler un graphe, il faut utiliser la construction javascool. 
  Toutes ces fonctions sont accessibles par l'interface, ou par des fonctions programmable: <div class="code">
    <m>Ajouter ou modifier un noeud existant au graphe:</m>
    <p><r>CryptageRSA.addNode</r>(<r>String</r> n, <r>int</r> x, <r>int</r> y)</p>
    </div>où: <div class="ul">
      <p><c>n</c> est le nom du noeud.</p>
      <p><c>x</c> est l'abscisse du noeud.</p>
      <p><c>y</c> est l'ordonnée du noeud.</p>
    </div><div class="code">
    <m>Obtenir un noeud à partir d'une position de souris:</m>
    <p><r>CryptageRSA.getClosestNode</r>(<r>int</r> x, <r>int</r> y)</p>
    </div>où: <div class="ul">
      <p><c>x</c> est l'abscisse de la position de souris.</p>
      <p><c>y</c> est l'ordonnée de la position de souris.</p>
      </div><div class="code">
    <m>Détruire un noeud:</m>
    <p><r>CryptageRSA.removeNode</r>(<r>String</r> n)</p>
    </div>où: <div class="ul">
      <p><c>n</c> est le nom du noeud.</p>
      </div><div class="code">
  	<m>Obtenir la liste des noeuds en lien avec un noeud spécifique:</m>
    <p><r>CryptageRSA.getNodes</r>(<r>String</r> n)</p>
    </div>où: <div class="ul">
      <p><c>n</c> est le nom du noeud spécifique.</p>
      </div><div class="code">
      <m>Ajouter ou modifier un lien existant entre deux noeuds:</m>
    <p><r>CryptageRSA.addLink</r>(<r>String</r> nA, <r>String</r> nB)</p>
    </div>où: <div class="ul">
      <p><c>nA</c> est le nom du premier noeud.</p>
      <p><c>nB</c> est le nom du second noeud.</p>
      </div><div class="code">
      <m>Détruire un lien existant entre deux noeuds:</m>
    <p><r>CryptageRSA.removeLink</r>(<r>String</r> nA, <r>String</r> nB)</p>
    </div>où: <div class="ul">
      <p><c>nA</c> est le nom du premier noeud du lien à détruire.</p>
      <p><c>nB</c> est le nom du second noeud du lien à détruire.</p>
      </div><div class="code">
      <m>Questionner si deux noeuds sont liés:</m>
    <p><r>CryptageRSA.isLink</r>(<r>String</r> nA, <r>String</r> nB)</p>
    </div>où: <div class="ul">
      <p><c>nA</c> est le nom du premier noeud du lien considéré.</p>
      <p><c>nB</c> est le nom du second noeud du lien considéré.</p>
      </div><div class="code">
      <m>Obtenir le poids d'un lien entre deux noeud:</m>
    <p><r>CryptageRSA.getLink</r>(<r>String</r> nA, <r>String</r> nB)</p>
    </div>où: <div class="ul">
      <p><c>nA</c> est le nom du premier noeud du lien considéré.</p>
      <p><c>nB</c> est le nom du second noeud du lien considéré.</p>
      </div>
  </p>
   <div>Un exemple d'utilisation se fait lors du lancement de la proglet avec une fenêtre d'interaction.</div>
   <div class="notes">
    <div id="1">Cette proglet est un <l link="http://fr.wikipedia.org/wiki/Open_source" text="code source libre"/>, 
    programmée en <l link="http://processing.org" text="Processing"/> et disponible sous forme de code documenté:
    <div class="table"><p>
      <p><l link="http://javascool.gforge.inria.fr/v3/?page=api:/sketchbook/ExplorationSonore/ExplorationSonore.pde.html" text="ExplorationSonore"/></p>
      <p><l link="http://javascool.gforge.inria.fr/v3/?page=api:/sketchbook/ExplorationSonore/interface.pde.html" text="interface"/></p>
      <p><l link="http://javascool.gforge.inria.fr/v3/?page=api:/sketchbook/ExplorationSonore/record.pde.html" text="record"/></p>
      <p><l link="http://javascool.gforge.inria.fr/v3/?page=api:/sketchbook/ExplorationSonore/signal.pde.html" text="signal"/></p>
    </p></div>
    pour permettre des développements dérivés.</div>
  </div>
</div>
