<div title="La «proglet» CryptageRSA">
  <p class="margin">Autres <l link="../../org/javascool/doc-files/about-proglets.htm" text="«proglets»"/>.</p>
  <p>Cette proglet<l class="note" link="1"/> permet de . . 
  </p>
   <div>Un exemple d'utilisation se fait lors du lancement de la proglet avec une fenêtre d'interaction.</div>
   <div class="notes">
    <div id="1">Cette proglet est un <l link="http://fr.wikipedia.org/wiki/Open_source" text="code source libre"/>, 
    programmée en <l link="http://processing.org" text="Processing"/> et disponible sous forme de code documenté:
    <div class="table"><p>
      <p><l link="http://javascool.gforge.inria.fr/v3/?page=api:/sketchbook/CryptageRSA/CryptageRSA.pde.html" text="CryptageRSA"/></p>
      <p><l link="http://javascool.gforge.inria.fr/v3/?page=api:/sketchbook/CryptageRSA/interface.pde.html" text="interface"/></p>
      <p><l link="http://javascool.gforge.inria.fr/v3/?page=api:/sketchbook/CryptageRSA/fonctions.pde.html" text="fonctions"/></p>
    </p></div>
    pour permettre des développements dérivés.</div>
  </div>
</div>
